,report_year,population,violent_crimes,homicides,rapes,assaults,robberies,months_reported,crimes_percapita,homicides_percapita,rapes_percapita,assaults_percapita,robberies_percapita
count,2829.0,2760.0,2794.0,2795.0,2754.0,2753.0,2754.0,2692.0,2794.0,2795.0,2754.0,2753.0,2754.0
mean,1995.0,795698.0891304348,29632.545096635647,398.38533094812163,416.27886710239653,4405.146022520887,4000.2450980392155,11.868870728083209,1093.0498103078025,15.372812164579605,59.30516702977487,566.5954340719215,459.9681118373275
std,11.834251347275629,1012450.5695786542,172863.02364606413,2281.2764018141415,479.81193412483054,6977.293768858709,8653.902964516825,1.1181937456000792,676.8846782496429,12.350640330360637,31.971569536342837,369.43699640274946,340.90353440876356
min,1975.0,100763.0,154.0,1.0,15.0,15.0,83.0,0.0,16.49,0.21,1.64,1.61,11.46
25%,1985.0,377931.0,3014.75,32.0,176.25,1467.0,1032.0,12.0,625.0825,6.955,35.775000000000006,319.09,210.2425
50%,1995.0,536614.5,5135.5,64.0,291.0,2597.0,1940.0,12.0,949.68,11.98,55.9,487.48,374.4
75%,2005.0,816855.75,9058.5,131.0,465.0,4556.0,3609.75,12.0,1409.5075,20.23,77.7975,728.24,612.005
max,2015.0,8550861.0,1932274.0,24703.0,3899.0,71030.0,107475.0,12.0,4352.83,94.74,199.3,2368.22,2337.52
